{
    "timestamp": "2025-05-15 19:30:02",
    "total_images_found": 3,
    "successful_processing": 3,
    "failed_processing": 0,
    "results": {
        "sample": {
            "name": "sample",
            "metrics": {
                "PSNR": 6.542783697432615,
                "SSIM": 0.0850132487252224,
                "Entropy_Original": 4.902706146240234,
                "Entropy_Enhanced": 7.447839736938477,
                "Entropy_Improvement": 2.545133590698242,
                "Contrast_Original": 38.35734274134314,
                "Contrast_Enhanced": 48.61650178738626,
                "Contrast_Improvement": 10.259159046043123
            },
            "parameters": {
                "gamma_min": 0.4,
                "gamma_max": 1.1,
                "brightness_boost": 1.3,
                "clahe_clip_limit": 1.2,
                "detail_strength": 0.3,
                "denoise_strength": 5
            },
            "output_path": "result/enhanced_sample.jpg",
            "status": "success"
        },
        "sample3": {
            "name": "sample3",
            "metrics": {
                "PSNR": 9.583341994064359,
                "SSIM": 0.32451216405948496,
                "Entropy_Original": 6.093660831451416,
                "Entropy_Enhanced": 7.362120628356934,
                "Entropy_Improvement": 1.2684597969055176,
                "Contrast_Original": 48.24893223488937,
                "Contrast_Enhanced": 42.228034126001994,
                "Contrast_Improvement": -6.020898108887373
            },
            "parameters": {
                "gamma_min": 0.4,
                "gamma_max": 1.1,
                "brightness_boost": 1.3,
                "clahe_clip_limit": 1.2,
                "detail_strength": 0.3,
                "denoise_strength": 5
            },
            "output_path": "result/enhanced_sample3.jpg",
            "status": "success"
        },
        "sample2": {
            "name": "sample2",
            "metrics": {
                "PSNR": 8.100563912474106,
                "SSIM": 0.32062628273842214,
                "Entropy_Original": 6.870883941650391,
                "Entropy_Enhanced": 7.921030044555664,
                "Entropy_Improvement": 1.0501461029052734,
                "Contrast_Original": 65.16449054712162,
                "Contrast_Enhanced": 67.86110816420735,
                "Contrast_Improvement": 2.696617617085735
            },
            "parameters": {
                "gamma_min": 0.4,
                "gamma_max": 1.1,
                "brightness_boost": 1.3,
                "clahe_clip_limit": 1.2,
                "detail_strength": 0.3,
                "denoise_strength": 5
            },
            "output_path": "result/enhanced_sample2.jpg",
            "status": "success"
        }
    }
}